{
  "ABIRoot": {
    "kind": "Root",
    "name": "TopLevel",
    "printedName": "TopLevel",
    "children": [
      {
        "kind": "Import",
        "name": "Foundation",
        "printedName": "Foundation",
        "declKind": "Import",
        "moduleName": "ArithmeticSDK",
        "declAttributes": [
          "RawDocComment"
        ]
      },
      {
        "kind": "TypeDecl",
        "name": "Arithmeticoperations",
        "printedName": "Arithmeticoperations",
        "children": [
          {
            "kind": "Constructor",
            "name": "init",
            "printedName": "init()",
            "children": [
              {
                "kind": "TypeNominal",
                "name": "Arithmeticoperations",
                "printedName": "ArithmeticSDK.Arithmeticoperations",
                "usr": "s:13ArithmeticSDK20ArithmeticoperationsC"
              }
            ],
            "declKind": "Constructor",
            "usr": "s:13ArithmeticSDK20ArithmeticoperationsCACycfc",
            "mangledName": "$s13ArithmeticSDK20ArithmeticoperationsCACycfc",
            "moduleName": "ArithmeticSDK",
            "declAttributes": [
              "AccessControl"
            ],
            "init_kind": "Designated"
          },
          {
            "kind": "Function",
            "name": "addition",
            "printedName": "addition(_:_:)",
            "children": [
              {
                "kind": "TypeNominal",
                "name": "Int",
                "printedName": "Swift.Int",
                "usr": "s:Si"
              },
              {
                "kind": "TypeNominal",
                "name": "Int",
                "printedName": "Swift.Int",
                "usr": "s:Si"
              },
              {
                "kind": "TypeNominal",
                "name": "Int",
                "printedName": "Swift.Int",
                "usr": "s:Si"
              }
            ],
            "declKind": "Func",
            "usr": "s:13ArithmeticSDK20ArithmeticoperationsC8additionyS2i_SitF",
            "mangledName": "$s13ArithmeticSDK20ArithmeticoperationsC8additionyS2i_SitF",
            "moduleName": "ArithmeticSDK",
            "declAttributes": [
              "AccessControl"
            ],
            "funcSelfKind": "NonMutating"
          },
          {
            "kind": "Function",
            "name": "subtraction",
            "printedName": "subtraction(_:_:)",
            "children": [
              {
                "kind": "TypeNominal",
                "name": "Int",
                "printedName": "Swift.Int",
                "usr": "s:Si"
              },
              {
                "kind": "TypeNominal",
                "name": "Int",
                "printedName": "Swift.Int",
                "usr": "s:Si"
              },
              {
                "kind": "TypeNominal",
                "name": "Int",
                "printedName": "Swift.Int",
                "usr": "s:Si"
              }
            ],
            "declKind": "Func",
            "usr": "s:13ArithmeticSDK20ArithmeticoperationsC11subtractionyS2i_SitF",
            "mangledName": "$s13ArithmeticSDK20ArithmeticoperationsC11subtractionyS2i_SitF",
            "moduleName": "ArithmeticSDK",
            "declAttributes": [
              "AccessControl"
            ],
            "funcSelfKind": "NonMutating"
          }
        ],
        "declKind": "Class",
        "usr": "s:13ArithmeticSDK20ArithmeticoperationsC",
        "mangledName": "$s13ArithmeticSDK20ArithmeticoperationsC",
        "moduleName": "ArithmeticSDK",
        "declAttributes": [
          "AccessControl"
        ]
      }
    ],
    "json_format_version": 8
  },
  "ConstValues": []
}