{
  "ABIRoot": {
    "kind": "Root",
    "name": "TopLevel",
    "printedName": "TopLevel",
    "children": [
      {
        "kind": "Import",
        "name": "Foundation",
        "printedName": "Foundation",
        "declKind": "Import",
        "moduleName": "AdvancedOperationsSDK",
        "declAttributes": [
          "RawDocComment"
        ]
      },
      {
        "kind": "TypeDecl",
        "name": "AdvanceOperations",
        "printedName": "AdvanceOperations",
        "children": [
          {
            "kind": "Constructor",
            "name": "init",
            "printedName": "init()",
            "children": [
              {
                "kind": "TypeNominal",
                "name": "AdvanceOperations",
                "printedName": "AdvancedOperationsSDK.AdvanceOperations",
                "usr": "s:21AdvancedOperationsSDK07AdvanceB0C"
              }
            ],
            "declKind": "Constructor",
            "usr": "s:21AdvancedOperationsSDK07AdvanceB0CACycfc",
            "mangledName": "$s21AdvancedOperationsSDK07AdvanceB0CACycfc",
            "moduleName": "AdvancedOperationsSDK",
            "declAttributes": [
              "AccessControl"
            ],
            "init_kind": "Designated"
          },
          {
            "kind": "Function",
            "name": "squareOf",
            "printedName": "squareOf(_:)",
            "children": [
              {
                "kind": "TypeNominal",
                "name": "Int",
                "printedName": "Swift.Int",
                "usr": "s:Si"
              },
              {
                "kind": "TypeNominal",
                "name": "Int",
                "printedName": "Swift.Int",
                "usr": "s:Si"
              }
            ],
            "declKind": "Func",
            "usr": "s:21AdvancedOperationsSDK07AdvanceB0C8squareOfyS2iF",
            "mangledName": "$s21AdvancedOperationsSDK07AdvanceB0C8squareOfyS2iF",
            "moduleName": "AdvancedOperationsSDK",
            "declAttributes": [
              "AccessControl"
            ],
            "funcSelfKind": "NonMutating"
          }
        ],
        "declKind": "Class",
        "usr": "s:21AdvancedOperationsSDK07AdvanceB0C",
        "mangledName": "$s21AdvancedOperationsSDK07AdvanceB0C",
        "moduleName": "AdvancedOperationsSDK",
        "declAttributes": [
          "AccessControl"
        ]
      }
    ],
    "json_format_version": 8
  },
  "ConstValues": []
}